Class Label,Class Name,Overall Quality,Detail,Crop,Size,Distinctiveness,Notes
n01440764,"tench, Tinca tinca",good,good,ok,good,good,
n01443537,"goldfish, Carassius auratus",good,ok,ok,good,ok,
n01484850,"great white shark, white shark, man-eater, man-eating shark, Carcharodon carcharias",v_good,good,good,good,good,
n01491361,"tiger shark, Galeocerdo cuvieri",v_good,good,good,good,good,
n01494475,"hammerhead, hammerhead shark",good,ok,good,ok,ok,
n01496331,"electric ray, crampfish, numbfish, torpedo",v_good,good,good,good,good,
n01498041,stingray,good,ok,ok,good,ok,
n01514668,cock,good,good,ok,ok,good,
n01514859,hen,v_good,good,good,good,good,
n01518878,"ostrich, Struthio camelus",good,ok,ok,good,good,
n01530575,"brambling, Fringilla montifringilla",good,good,ok,good,good,
n01531178,"goldfinch, Carduelis carduelis",good,good,ok,ok,good,
n01532829,"house finch, linnet, Carpodacus mexicanus",good,good,ok,ok,good,
n01534433,"junco, snowbird",good,good,ok,ok,ok,
n01537544,"indigo bunting, indigo finch, indigo bird, Passerina cyanea",good,ok,ok,ok,good,
n01558993,"robin, American robin, Turdus migratorius",good,good,ok,ok,good,
n01560419,bulbul,good,good,ok,good,good,
n01580077,jay,good,good,ok,good,good,
n01582220,magpie,good,ok,ok,ok,good,
n01592084,chickadee,good,good,ok,good,good,
n01601694,"water ouzel, dipper",good,good,good,ok,good,
n01608432,kite,good,good,ok,ok,good,
n01614925,"bald eagle, American eagle, Haliaeetus leucocephalus",good,good,ok,good,good,
n01616318,vulture,good,good,ok,ok,ok,
n01622779,"great grey owl, great gray owl, Strix nebulosa",good,good,ok,ok,good,
n01629819,"European fire salamander, Salamandra salamandra",v_good,good,good,good,good,
n01630670,"common newt, Triturus vulgaris",good,good,good,good,ok,
n01631663,eft,good,ok,good,ok,ok,
n01632458,"spotted salamander, Ambystoma maculatum",good,good,ok,good,ok,
n01632777,"axolotl, mud puppy, Ambystoma mexicanum",good,good,ok,good,good,
n01641577,"bullfrog, Rana catesbeiana",good,good,ok,good,good,
n01644373,"tree frog, tree-frog",good,good,ok,good,good,
n01644900,"tailed frog, bell toad, ribbed toad, tailed toad, Ascaphus trui",v_good,good,good,good,good,
n01664065,"loggerhead, loggerhead turtle, Caretta caretta",good,ok,ok,good,good,
n01665541,"leatherback turtle, leatherback, leathery turtle, Dermochelys coriacea",ok,ok,ok,questionable,questionable,
n01667114,mud turtle,good,ok,good,good,good,
n01667778,terrapin,good,good,good,ok,good,
n01669191,"box turtle, box tortoise",good,good,ok,good,good,
n01675722,banded gecko,good,good,good,good,ok,
n01677366,"common iguana, iguana, Iguana iguana",good,good,ok,good,good,
n01682714,"American chameleon, anole, Anolis carolinensis",good,good,ok,ok,good,
n01685808,"whiptail, whiptail lizard",v_good,good,good,good,good,
n01687978,agama,good,good,ok,ok,good,
n01688243,"frilled lizard, Chlamydosaurus kingi",good,good,good,ok,good,
n01689811,alligator lizard,v_good,good,good,good,good,
n01692333,"Gila monster, Heloderma suspectum",ok,ok,questionable,questionable,ok,
n01693334,"green lizard, Lacerta viridis",good,good,ok,good,good,
n01694178,"African chameleon, Chamaeleo chamaeleon",v_good,good,good,good,good,
n01695060,"Komodo dragon, Komodo lizard, dragon lizard, giant lizard, Varanus komodoensis",good,good,good,ok,good,
n01697457,"African crocodile, Nile crocodile, Crocodylus niloticus",good,good,good,ok,ok,
n01698640,"American alligator, Alligator mississipiensis",ok,ok,questionable,good,good,
n01704323,triceratops,good,ok,ok,good,good,
n01728572,"thunder snake, worm snake, Carphophis amoenus",good,ok,good,good,good,
n01728920,"ringneck snake, ring-necked snake, ring snake",ok,good,ok,ok,ok,
n01729322,"hognose snake, puff adder, sand viper",good,ok,good,good,good,
n01729977,"green snake, grass snake",v_good,good,good,good,good,
n01734418,"king snake, kingsnake",good,ok,good,good,good,
n01735189,"garter snake, grass snake",good,good,ok,ok,good,
n01737021,water snake,ok,ok,ok,ok,ok,
n01739381,vine snake,ok,ok,ok,ok,ok,
n01740131,"night snake, Hypsiglena torquata",ok,questionable,ok,ok,ok,
n01742172,"boa constrictor, Constrictor constrictor",v_good,good,good,good,good,
n01744401,"rock python, rock snake, Python sebae",good,good,ok,ok,good,
n01748264,"Indian cobra, Naja naja",v_good,good,good,good,good,
n01749939,green mamba,v_good,good,good,good,good,
n01751748,sea snake,ok,ok,good,ok,questionable,
n01753488,"horned viper, cerastes, sand viper, horned asp, Cerastes cornutus",good,ok,good,good,good,
n01755581,"diamondback, diamondback rattlesnake, Crotalus adamanteus",good,ok,good,good,good,
n01756291,"sidewinder, horned rattlesnake, Crotalus cerastes",good,ok,good,good,good,
n01768244,trilobite,v_good,good,good,good,good,
n01770081,"harvestman, daddy longlegs, Phalangium opilio",good,questionable,good,good,good,
n01770393,scorpion,v_good,good,good,good,good,
n01773157,"black and gold garden spider, Argiope aurantia",v_good,good,good,good,good,
n01773549,"barn spider, Araneus cavaticus",v_good,good,good,good,good,
n01773797,"garden spider, Aranea diademata",v_good,good,good,good,good,
n01774384,"black widow, Latrodectus mactans",good,ok,good,good,good,
n01774750,tarantula,v_good,good,good,good,good,
n01775062,"wolf spider, hunting spider",v_good,good,good,good,good,
n01776313,tick,v_good,good,good,good,good,
n01784675,centipede,good,ok,ok,good,good,
n01795545,black grouse,good,ok,ok,good,good,
n01796340,ptarmigan,v_good,good,good,good,good,
n01797886,"ruffed grouse, partridge, Bonasa umbellus",good,ok,good,good,good,
n01798484,"prairie chicken, prairie grouse, prairie fowl",good,ok,good,good,good,
n01806143,peacock,good,good,ok,good,good,
n01806567,quail,good,ok,ok,good,good,
n01807496,partridge,v_good,good,good,good,good,
n01817953,"African grey, African gray, Psittacus erithacus",good,good,ok,good,good,
n01818515,macaw,v_good,good,good,good,good,
n01819313,"sulphur-crested cockatoo, Kakatoe galerita, Cacatua galerita",v_good,good,good,good,good,
n01820546,lorikeet,good,good,ok,good,good,
n01824575,coucal,good,good,ok,good,good,
n01828970,bee eater,good,ok,ok,good,good,
n01829413,hornbill,good,ok,ok,good,good,
n01833805,hummingbird,good,ok,ok,good,good,
n01843065,jacamar,good,good,questionable,good,good,
n01843383,toucan,good,ok,good,good,good,
n01847000,drake,v_good,good,good,good,good,
n01855032,"red-breasted merganser, Mergus serrator",good,ok,good,good,good,
n01855672,goose,good,ok,good,ok,good,
n01860187,"black swan, Cygnus atratus",v_good,good,good,good,good,
n01871265,tusker,good,ok,ok,ok,good,
n01872401,"echidna, spiny anteater, anteater",good,ok,good,good,good,
n01873310,"platypus, duckbill, duckbilled platypus, duck-billed platypus, Ornithorhynchus anatinus",good,ok,ok,ok,good,
n01877812,"wallaby, brush kangaroo",good,ok,good,ok,good,
n01882714,"koala, koala bear, kangaroo bear, native bear, Phascolarctos cinereus",good,good,ok,good,good,
n01883070,wombat,good,ok,ok,good,ok,
n01910747,jellyfish,good,ok,good,good,good,
n01914609,"sea anemone, anemone",v_good,good,good,good,good,
n01917289,brain coral,v_good,good,good,good,good,
n01924916,"flatworm, platyhelminth",good,good,good,ok,good,
n01930112,"nematode, nematode worm, roundworm",good,good,ok,good,questionable,
n01943899,conch,v_good,good,good,good,good,
n01944390,snail,v_good,good,good,good,good,
n01945685,slug,good,ok,good,good,good,
n01950731,"sea slug, nudibranch",v_good,good,good,good,good,
n01955084,"chiton, coat-of-mail shell, sea cradle, polyplacophore",v_good,good,good,good,good,
n01968897,"chambered nautilus, pearly nautilus, nautilus",v_good,good,good,good,good,
n01978287,"Dungeness crab, Cancer magister",good,questionable,good,good,ok,
n01978455,"rock crab, Cancer irroratus",good,ok,good,ok,good,
n01980166,fiddler crab,good,ok,good,good,good,
n01981276,"king crab, Alaska crab, Alaskan king crab, Alaska king crab, Paralithodes camtschatica",good,ok,good,good,ok,
n01983481,"American lobster, Northern lobster, Maine lobster, Homarus americanus",good,ok,good,good,ok,
n01984695,"spiny lobster, langouste, rock lobster, crawfish, crayfish, sea crawfish",good,questionable,good,good,good,
n01985128,"crayfish, crawfish, crawdad, crawdaddy",good,good,ok,good,good,
n01986214,hermit crab,ok,ok,ok,ok,ok,
n01990800,isopod,v_good,good,good,good,good,
n02002556,"white stork, Ciconia ciconia",good,good,good,ok,good,
n02002724,"black stork, Ciconia nigra",good,good,ok,ok,good,
n02006656,spoonbill,v_good,good,good,good,good,
n02007558,flamingo,v_good,good,good,good,good,
n02009229,"little blue heron, Egretta caerulea",good,ok,ok,good,good,
n02009912,"American egret, great white heron, Egretta albus",good,good,ok,good,good,
n02011460,bittern,good,ok,good,good,good,
n02012849,crane,v_good,good,good,good,good,
n02013706,"limpkin, Aramus pictus",good,ok,ok,good,good,
n02017213,"European gallinule, Porphyrio porphyrio",good,ok,good,good,good,
n02018207,"American coot, marsh hen, mud hen, water hen, Fulica americana",good,ok,good,good,good,
n02018795,bustard,v_good,good,good,good,good,
n02025239,"ruddy turnstone, Arenaria interpres",v_good,good,good,good,good,
n02027492,"red-backed sandpiper, dunlin, Erolia alpina",good,ok,good,good,good,
n02028035,"redshank, Tringa totanus",good,ok,good,good,good,
n02033041,dowitcher,good,ok,good,good,good,
n02037110,"oystercatcher, oyster catcher",good,ok,good,ok,good,
n02051845,pelican,good,ok,good,good,good,
n02056570,"king penguin, Aptenodytes patagonica",good,ok,good,ok,good,
n02058221,"albatross, mollymawk",good,ok,good,ok,good,
n02066245,"grey whale, gray whale, devilfish, Eschrichtius gibbosus, Eschrichtius robustus",questionable,questionable,questionable,questionable,questionable,(Almost never fully in frame)
n02071294,"killer whale, killer, orca, grampus, sea wolf, Orcinus orca",questionable,questionable,questionable,questionable,questionable,(Almost never fully in frame)
n02074367,"dugong, Dugong dugon",good,ok,good,good,good,
n02077923,sea lion,questionable,ok,ok,ok,ok,"! Not a single clear nice one, all have problems"
n02085620,Chihuahua,good,ok,good,good,good,
n02085782,Japanese spaniel,good,ok,good,good,good,
n02085936,"Maltese dog, Maltese terrier, Maltese",good,ok,good,good,good,
n02086079,"Pekinese, Pekingese, Peke",good,good,ok,good,good,
n02086240,Shih-Tzu,good,good,ok,good,good,
n02086646,Blenheim spaniel,good,good,ok,good,good,
n02086910,papillon,good,ok,good,good,good,
n02087046,toy terrier,good,ok,good,good,good,
n02087394,Rhodesian ridgeback,good,ok,good,good,good,
n02088094,"Afghan hound, Afghan",good,ok,good,good,good,
n02088238,"basset, basset hound",good,good,ok,good,good,
n02088364,beagle,good,good,ok,good,good,
n02088466,"bloodhound, sleuthhound",v_good,good,good,good,good,
n02088632,bluetick,good,ok,ok,good,good,
n02089078,black-and-tan coonhound,good,ok,good,good,good,
n02089867,"Walker hound, Walker foxhound",good,ok,good,good,good,
n02089973,English foxhound,v_good,good,good,good,good,
n02090379,redbone,good,ok,ok,good,good,
n02090622,"borzoi, Russian wolfhound",good,ok,good,good,good,
n02090721,Irish wolfhound,ok,ok,questionable,good,ok,
n02091032,Italian greyhound,v_good,good,good,good,good,
n02091134,whippet,good,ok,good,good,good,
n02091244,"Ibizan hound, Ibizan Podenco",good,ok,good,good,good,
n02091467,"Norwegian elkhound, elkhound",good,ok,good,good,good,
n02091635,"otterhound, otter hound",good,ok,good,good,good,
n02091831,"Saluki, gazelle hound",good,ok,good,good,good,
n02092002,"Scottish deerhound, deerhound",good,ok,good,good,good,
n02092339,Weimaraner,good,good,ok,good,good,
n02093256,"Staffordshire bullterrier, Staffordshire bull terrier",good,ok,good,good,good,
n02093428,"American Staffordshire terrier, Staffordshire terrier, American pit bull terrier, pit bull terrier",v_good,good,good,good,good,
n02093647,Bedlington terrier,v_good,good,good,good,good,
n02093754,Border terrier,good,ok,good,good,good,
n02093859,Kerry blue terrier,good,ok,ok,good,good,
n02093991,Irish terrier,good,ok,ok,good,good,
n02094114,Norfolk terrier,good,ok,good,good,good,
n02094258,Norwich terrier,good,good,ok,good,good,
n02094433,Yorkshire terrier,good,ok,good,good,good,
n02095314,wire-haired fox terrier,v_good,good,good,good,good,
n02095570,Lakeland terrier,v_good,good,good,good,good,
n02095889,"Sealyham terrier, Sealyham",good,ok,good,good,good,
n02096051,"Airedale, Airedale terrier",good,ok,good,good,good,
n02096177,"cairn, cairn terrier",v_good,good,good,good,good,
n02096294,Australian terrier,good,ok,good,good,good,
n02096437,"Dandie Dinmont, Dandie Dinmont terrier",good,ok,ok,good,good,
n02096585,"Boston bull, Boston terrier",good,ok,ok,good,good,
n02097047,miniature schnauzer,good,ok,good,good,good,
n02097130,giant schnauzer,good,ok,good,good,good,
n02097209,standard schnauzer,good,ok,good,good,good,
n02097298,"Scotch terrier, Scottish terrier, Scottie",good,questionable,ok,good,good,
n02097474,"Tibetan terrier, chrysanthemum dog",good,ok,ok,good,good,
n02097658,"silky terrier, Sydney silky",good,ok,good,good,good,
n02098105,soft-coated wheaten terrier,v_good,good,good,good,good,
n02098286,West Highland white terrier,good,good,ok,good,good,
n02098413,"Lhasa, Lhasa apso",good,ok,good,good,good,
n02099267,flat-coated retriever,good,ok,ok,good,good,
n02099429,curly-coated retriever,good,ok,good,good,good,
n02099601,golden retriever,good,ok,ok,good,good,
n02099712,Labrador retriever,v_good,good,good,good,good,
n02099849,Chesapeake Bay retriever,good,ok,good,good,good,
n02100236,German short-haired pointer,good,ok,ok,good,good,
n02100583,"vizsla, Hungarian pointer",good,ok,good,good,good,
n02100735,English setter,good,ok,ok,good,good,
n02100877,"Irish setter, red setter",good,ok,good,good,good,
n02101006,Gordon setter,good,ok,good,good,good,
n02101388,Brittany spaniel,good,ok,ok,good,good,
n02101556,"clumber, clumber spaniel",good,ok,ok,good,good,
n02102040,"English springer, English springer spaniel",good,ok,ok,good,good,
n02102177,Welsh springer spaniel,good,ok,good,good,good,
n02102318,"cocker spaniel, English cocker spaniel, cocker",good,ok,good,good,good,
n02102480,Sussex spaniel,good,ok,ok,good,good,
n02102973,Irish water spaniel,good,ok,good,good,good,
n02104029,kuvasz,good,ok,good,good,good,
n02104365,schipperke,good,ok,good,ok,good,
n02105056,groenendael,good,ok,ok,good,good,
n02105162,malinois,v_good,good,good,good,good,
n02105251,briard,good,ok,good,good,good,
n02105412,kelpie,good,ok,good,good,good,
n02105505,komondor,good,ok,ok,good,good,
n02105641,"Old English sheepdog, bobtail",good,ok,good,good,good,
n02105855,"Shetland sheepdog, Shetland sheep dog, Shetland",good,ok,good,good,good,
n02106030,collie,good,ok,good,good,good,
n02106166,Border collie,good,ok,ok,good,good,
n02106382,"Bouvier des Flandres, Bouviers des Flandres",good,ok,good,good,good,
n02106550,Rottweiler,good,ok,good,good,good,
n02106662,"German shepherd, German shepherd dog, German police dog, alsatian",v_good,good,good,good,good,
n02107142,"Doberman, Doberman pinscher",good,questionable,ok,good,good,
n02107312,miniature pinscher,good,ok,good,good,good,
n02107574,Greater Swiss Mountain dog,good,good,good,ok,good,
n02107683,Bernese mountain dog,good,ok,ok,good,good,
n02107908,Appenzeller,good,ok,good,good,good,
n02108000,EntleBucher,good,ok,good,good,good,
n02108089,boxer,good,good,ok,good,good,
n02108422,bull mastiff,v_good,good,good,good,good,
n02108551,Tibetan mastiff,good,ok,good,good,good,
n02108915,French bulldog,good,ok,ok,good,good,
n02109047,Great Dane,good,ok,ok,good,good,
n02109525,"Saint Bernard, St Bernard",v_good,good,good,good,good,
n02109961,"Eskimo dog, husky",v_good,good,good,good,good,
n02110063,"malamute, malemute, Alaskan malamute",v_good,good,good,good,good,
n02110185,Siberian husky,v_good,good,good,good,good,
n02110341,"dalmatian, coach dog, carriage dog",good,ok,good,good,good,
n02110627,"affenpinscher, monkey pinscher, monkey dog",ok,questionable,ok,good,ok,
n02110806,basenji,good,good,ok,good,good,
n02110958,"pug, pug-dog",good,good,ok,good,ok,"(Often portrayed with various suits and categories, probably a bit harder than a standard dog class)"
n02111129,Leonberg,good,ok,good,good,good,
n02111277,"Newfoundland, Newfoundland dog",good,ok,ok,good,good,
n02111500,Great Pyrenees,v_good,good,good,good,good,
n02111889,"Samoyed, Samoyede",v_good,good,good,good,good,
n02112018,Pomeranian,good,ok,good,good,good,
n02112137,"chow, chow chow",v_good,good,good,good,good,
n02112350,keeshond,good,ok,ok,good,good,
n02112706,Brabancon griffon,good,ok,good,good,good,
n02113023,"Pembroke, Pembroke Welsh corgi",good,ok,ok,ok,good,
n02113186,"Cardigan, Cardigan Welsh corgi",v_good,good,good,good,good,
n02113624,toy poodle,good,ok,ok,good,good,
n02113712,miniature poodle,good,ok,good,good,good,(Only 3 images)
n02113799,standard poodle,good,good,ok,good,good,
n02113978,Mexican hairless,good,ok,ok,good,good,
n02114367,"timber wolf, grey wolf, gray wolf, Canis lupus",good,ok,good,good,good,
n02114548,"white wolf, Arctic wolf, Canis lupus tundrarum",good,ok,ok,good,good,
n02114712,"red wolf, maned wolf, Canis rufus, Canis niger",good,questionable,ok,good,good,
n02114855,"coyote, prairie wolf, brush wolf, Canis latrans",good,ok,ok,good,good,
n02115641,"dingo, warrigal, warragal, Canis dingo",good,ok,good,good,good,
n02115913,"dhole, Cuon alpinus",good,ok,ok,good,good,
n02116738,"African hunting dog, hyena dog, Cape hunting dog, Lycaon pictus",ok,questionable,ok,good,ok,
n02117135,"hyena, hyaena",ok,ok,ok,ok,ok,
n02119022,"red fox, Vulpes vulpes",good,ok,ok,good,good,
n02119789,"kit fox, Vulpes macrotis",good,ok,ok,good,ok,
n02120079,"Arctic fox, white fox, Alopex lagopus",v_good,good,good,good,good,
n02120505,"grey fox, gray fox, Urocyon cinereoargenteus",good,ok,ok,good,good,
n02123045,"tabby, tabby cat",good,ok,good,good,good,
n02123159,tiger cat,v_good,good,good,good,good,(Only 5 images)
n02123394,Persian cat,good,ok,ok,good,good,
n02123597,"Siamese cat, Siamese",good,ok,ok,good,good,
n02124075,Egyptian cat,good,ok,good,good,good,(Only 5 images)
n02125311,"cougar, puma, catamount, mountain lion, painter, panther, Felis concolor",good,ok,ok,good,good,
n02127052,"lynx, catamount",ok,questionable,ok,good,ok,
n02128385,"leopard, Panthera pardus",good,questionable,ok,good,good,
n02128757,"snow leopard, ounce, Panthera uncia",good,ok,ok,good,good,
n02128925,"jaguar, panther, Panthera onca, Felis onca",good,ok,ok,good,good,
n02129165,"lion, king of beasts, Panthera leo",good,questionable,ok,good,good,
n02129604,"tiger, Panthera tigris",good,ok,ok,good,good,
n02130308,"cheetah, chetah, Acinonyx jubatus",good,ok,good,good,good,
n02132136,"brown bear, bruin, Ursus arctos",good,ok,ok,good,good,
n02133161,"American black bear, black bear, Ursus americanus, Euarctos americanus",good,ok,ok,good,good,
n02134084,"ice bear, polar bear, Ursus Maritimus, Thalarctos maritimus",good,questionable,good,ok,good,
n02134418,"sloth bear, Melursus ursinus, Ursus ursinus",good,ok,good,good,ok,
n02137549,mongoose,ok,questionable,ok,good,ok,
n02138441,"meerkat, mierkat",good,ok,good,good,good,
n02165105,tiger beetle,good,ok,good,ok,good,
n02165456,"ladybug, ladybeetle, lady beetle, ladybird, ladybird beetle",good,good,good,ok,good,
n02167151,"ground beetle, carabid beetle",v_good,good,good,good,good,
n02168699,"long-horned beetle, longicorn, longicorn beetle",v_good,good,good,good,good,
n02169497,"leaf beetle, chrysomelid",v_good,good,good,good,good,
n02172182,dung beetle,good,good,good,ok,good,
n02174001,rhinoceros beetle,v_good,good,good,good,good,
n02177972,weevil,good,ok,good,good,good,
n02190166,fly,good,ok,good,good,good,
n02206856,bee,good,ok,good,ok,ok,
n02219486,"ant, emmet, pismire",good,ok,good,good,good,
n02226429,"grasshopper, hopper",v_good,good,good,good,good,
n02229544,cricket,v_good,good,good,good,good,
n02231487,"walking stick, walkingstick, stick insect",good,good,good,good,ok,
n02233338,"cockroach, roach",good,ok,good,ok,good,
n02236044,"mantis, mantid",v_good,good,good,good,good,
n02256656,"cicada, cicala",v_good,good,good,good,good,
n02259212,leafhopper,v_good,good,good,good,good,
n02264363,"lacewing, lacewing fly",v_good,good,good,good,good,
n02268443,"dragonfly, darning needle, devil's darning needle, sewing needle, snake feeder, snake doctor, mosquito hawk, skeeter hawk",good,ok,good,good,good,
n02268853,damselfly,good,ok,good,good,good,
n02276258,admiral,v_good,good,good,good,good,
n02277742,"ringlet, ringlet butterfly",v_good,good,good,good,good,
n02279972,"monarch, monarch butterfly, milkweed butterfly, Danaus plexippus",good,ok,good,ok,good,
n02280649,cabbage butterfly,good,ok,good,good,good,
n02281406,"sulphur butterfly, sulfur butterfly",good,ok,ok,good,good,
n02281787,"lycaenid, lycaenid butterfly",v_good,good,good,good,good,
n02317335,"starfish, sea star",v_good,good,good,good,good,
n02319095,sea urchin,good,ok,good,good,good,
n02321529,"sea cucumber, holothurian",good,ok,good,good,good,
n02325366,"wood rabbit, cottontail, cottontail rabbit",good,ok,good,good,good,
n02326432,hare,good,ok,ok,good,good,
n02328150,"Angora, Angora rabbit",ok,ok,questionable,good,ok,
n02342885,hamster,good,ok,ok,good,good,
n02346627,"porcupine, hedgehog",ok,questionable,questionable,good,good,
n02356798,"fox squirrel, eastern fox squirrel, Sciurus niger",good,ok,ok,good,good,
n02361337,marmot,good,ok,good,ok,good,
n02363005,beaver,ok,questionable,ok,ok,good,
n02364673,"guinea pig, Cavia cobaya",good,ok,ok,good,good,
n02389026,sorrel,good,ok,ok,good,good,
n02391049,zebra,good,ok,good,ok,good,
n02395406,"hog, pig, grunter, squealer, Sus scrofa",good,ok,good,ok,ok,
n02396427,"wild boar, boar, Sus scrofa",good,ok,good,good,good,
n02397096,warthog,good,ok,good,good,ok,
n02398521,"hippopotamus, hippo, river horse, Hippopotamus amphibius",ok,ok,questionable,ok,good,
n02403003,ox,good,ok,good,ok,ok,(Only 7 images)
n02408429,"water buffalo, water ox, Asiatic buffalo, Bubalus bubalis",good,ok,ok,ok,good,
n02410509,bison,good,ok,ok,good,good,
n02412080,"ram, tup",good,ok,good,good,good,(Only 7 images)
n02415577,"bighorn, bighorn sheep, cimarron, Rocky Mountain bighorn, Rocky Mountain sheep, Ovis canadensis",good,ok,ok,good,good,
n02417914,"ibex, Capra ibex",good,ok,ok,ok,good,
n02422106,hartebeest,good,ok,good,ok,good,
n02422699,"impala, Aepyceros melampus",ok,ok,ok,ok,ok,
n02423022,gazelle,good,ok,ok,ok,good,
n02437312,"Arabian camel, dromedary, Camelus dromedarius",good,ok,ok,good,good,
n02437616,llama,good,ok,good,good,good,
n02441942,weasel,good,ok,good,good,good,
n02442845,mink,good,questionable,ok,good,good,
n02443114,"polecat, fitch, foulmart, foumart, Mustela putorius",good,ok,ok,good,good,
n02443484,"black-footed ferret, ferret, Mustela nigripes",good,ok,questionable,good,good,
n02444819,otter,good,ok,ok,good,good,
n02445715,"skunk, polecat, wood pussy",good,ok,ok,good,ok,
n02447366,badger,good,ok,ok,good,good,
n02454379,armadillo,good,ok,ok,good,good,
n02457408,"three-toed sloth, ai, Bradypus tridactylus",ok,ok,questionable,good,ok,
n02480495,"orangutan, orang, orangutang, Pongo pygmaeus",good,questionable,ok,good,good,
n02480855,"gorilla, Gorilla gorilla",good,ok,ok,good,good,
n02481823,"chimpanzee, chimp, Pan troglodytes",good,ok,ok,good,good,
n02483362,"gibbon, Hylobates lar",good,ok,good,good,good,
n02483708,"siamang, Hylobates syndactylus, Symphalangus syndactylus",good,ok,good,good,good,
n02484975,"guenon, guenon monkey",good,ok,good,good,good,
n02486261,"patas, hussar monkey, Erythrocebus patas",good,ok,ok,good,good,
n02486410,baboon,good,ok,good,ok,good,
n02487347,macaque,good,ok,ok,good,good,
n02488291,langur,good,ok,ok,good,ok,
n02488702,"colobus, colobus monkey",good,ok,ok,good,ok,
n02489166,"proboscis monkey, Nasalis larvatus",good,good,ok,good,good,
n02490219,marmoset,good,good,ok,good,good,
n02492035,"capuchin, ringtail, Cebus capucinus",ok,ok,ok,ok,ok,
n02492660,"howler monkey, howler",ok,questionable,ok,good,questionable,
n02493509,"titi, titi monkey",good,ok,ok,good,good,
n02493793,"spider monkey, Ateles geoffroyi",good,ok,good,good,good,(Only 7 images)
n02494079,"squirrel monkey, Saimiri sciureus",good,ok,questionable,good,good,
n02497673,"Madagascar cat, ring-tailed lemur, Lemur catta",good,ok,ok,good,good,
n02500267,"indri, indris, Indri indri, Indri brevicaudatus",questionable,questionable,questionable,ok,good,
n02504013,"Indian elephant, Elephas maximus",good,ok,ok,good,good,
n02504458,"African elephant, Loxodonta africana",good,ok,good,good,good,
n02509815,"lesser panda, red panda, panda, bear cat, cat bear, Ailurus fulgens",good,ok,ok,good,good,
n02510455,"giant panda, panda, panda bear, coon bear, Ailuropoda melanoleuca",good,good,ok,good,good,
n02514041,"barracouta, snoek",good,ok,ok,good,good,
n02526121,eel,v_good,good,good,good,good,
n02536864,"coho, cohoe, coho salmon, blue jack, silver salmon, Oncorhynchus kisutch",ok,ok,ok,ok,ok,
n02606052,"rock beauty, Holocanthus tricolor",good,good,good,good,good,
n02607072,anemone fish,good,ok,good,ok,good,
n02640242,sturgeon,good,ok,good,ok,good,
n02641379,"gar, garfish, garpike, billfish, Lepisosteus osseus",good,ok,good,ok,good,
n02643566,lionfish,v_good,good,good,good,good,
n02655020,"puffer, pufferfish, blowfish, globefish",good,ok,good,good,good,
n02666196,abacus,good,good,ok,good,good,
n02667093,abaya,good,good,ok,good,ok,
n02669723,"academic gown, academic robe, judge's robe",questionable,ok,ok,ok,questionable,(Only 5 images)
n02672831,"accordion, piano accordion, squeeze box",ok,ok,questionable,ok,good,
n02676566,acoustic guitar,good,ok,questionable,good,good,
n02687172,"aircraft carrier, carrier, flattop, attack aircraft carrier",v_good,good,good,good,good,
n02690373,airliner,v_good,good,good,good,good,
n02692877,"airship, dirigible",good,good,good,ok,good,
n02701002,ambulance,v_good,good,good,good,good,
n02704792,"amphibian, amphibious vehicle",good,ok,ok,good,good,(Only 8 Images)
n02708093,analog clock,v_good,good,good,good,good,(Only 7 images)
n02727426,"apiary, bee house",good,good,ok,ok,ok,
n02730930,apron,v_good,good,good,good,good,
n02747177,"ashcan, trash can, garbage can, wastebin, ash bin, ash-bin, ashbin, dustbin, trash barrel, trash bin",good,good,ok,good,ok,
n02749479,"assault rifle, assault gun",good,ok,ok,good,ok,(Only 8 Images)
n02769748,"backpack, back pack, knapsack, packsack, rucksack, haversack",v_good,good,good,good,good,
n02782093,balloon,good,good,ok,ok,good,
n02783161,"ballpoint, ballpoint pen, ballpen, Biro",v_good,good,good,good,good,
n02786058,Band Aid,good,good,good,ok,good,
n02787622,banjo,good,good,ok,good,good,(Hands playing the instrument leave blank spaces)
n02790996,barbell,ok,good,questionable,ok,ok,(Disjointed by hand gaps)
n02791124,barber chair,v_good,good,good,good,good,
n02793495,barn,good,good,ok,good,good,
n02794156,barometer,v_good,good,good,good,good,"(A lot of large coverage objects, backgrounds will have little to no effect)"
n02795169,"barrel, cask",v_good,good,good,good,good,
n02797295,"barrow, garden cart, lawn cart, wheelbarrow",good,ok,ok,ok,good,
n02799071,baseball,good,good,ok,good,good,
n02802426,basketball,ok,ok,questionable,questionable,good,
n02804414,bassinet,good,good,ok,good,good,"(If present, infant cut out)"
n02804610,bassoon,good,ok,ok,good,good,
n02808304,bath towel,good,good,ok,good,ok,
n02808440,"bathtub, bathing tub, bath, tub",ok,good,questionable,ok,ok,(Contents cut out)
n02814533,"beach wagon, station wagon, wagon, estate car, beach waggon, station waggon, waggon",v_good,good,good,good,good,
n02814860,"beacon, lighthouse, beacon light, pharos",ok,ok,ok,ok,ok,
n02815834,beaker,v_good,good,good,good,good,
n02817516,"bearskin, busby, shako",questionable,ok,ok,questionable,questionable,
n02823428,beer bottle,v_good,good,good,good,good,
n02823750,beer glass,v_good,good,good,good,good,
n02834397,bib,v_good,good,good,good,good,
n02835271,"bicycle-built-for-two, tandem bicycle, tandem",good,ok,ok,good,good,(Spaces inside wheels not cut out)
n02840245,"binder, ring-binder",v_good,good,good,good,good,
n02841315,"binoculars, field glasses, opera glasses",ok,ok,ok,questionable,good,
n02843684,birdhouse,v_good,good,good,good,good,
n02859443,boathouse,good,good,good,ok,ok,
n02860847,"bobsled, bobsleigh, bob",good,good,ok,ok,good,(Insides cut out)
n02865351,"bolo tie, bolo, bola tie, bola",v_good,good,good,good,good,
n02869837,"bonnet, poke bonnet",good,good,ok,good,good,(Partialy obstructed by people cutouts)
n02870880,bookcase,v_good,good,good,good,good,
n02879718,bow,good,ok,good,ok,good,
n02883205,"bow tie, bow-tie, bowtie",good,good,good,questionable,good,
n02892201,"brass, memorial tablet, plaque",v_good,good,good,good,good,
n02892767,"brassiere, bra, bandeau",good,good,ok,questionable,good,
n02895154,"breastplate, aegis, egis",v_good,good,good,good,good,(Only 3 images)
n02906734,broom,v_good,good,good,good,good,
n02909870,"bucket, pail",good,good,ok,good,good,"(If full, contents cut out)"
n02910353,buckle,v_good,good,good,good,good,
n02916936,bulletproof vest,good,good,ok,good,good,(Only 7 images)
n02917067,"bullet train, bullet",v_good,good,good,good,good,
n02930766,"cab, hack, taxi, taxicab",v_good,good,good,good,good,
n02939185,"caldron, cauldron",ok,ok,questionable,good,good,(Only 6 images)
n02948072,"candle, taper, wax light",ok,ok,questionable,ok,good,
n02950826,cannon,good,good,ok,good,good,
n02951358,canoe,ok,ok,ok,ok,ok,
n02951585,"can opener, tin opener",good,ok,good,good,good,
n02963159,cardigan,good,good,ok,good,good,
n02965783,car mirror,good,good,good,good,questionable,(INCLUDES REFLECTIONS)
n02966687,"carpenter's kit, tool kit",v_good,good,good,good,good,
n02971356,carton,good,good,questionable,good,good,(Contents cut out)
n02978881,cassette,v_good,good,good,good,good,
n02979186,cassette player,good,good,ok,good,good,(Casettes cut out)
n02980441,castle,good,ok,ok,ok,good,
n02981792,catamaran,v_good,good,good,good,good,
n02992211,"cello, violoncello",good,good,questionable,good,good,"(people cropped out, covering the instrument)"
n02992529,"cellular telephone, cellular phone, cellphone, cell, mobile phone",v_good,good,good,good,good,
n02999410,chain,good,ok,ok,good,good,
n03000134,chainlink fence,ok,ok,questionable,good,ok,"(Sometimes scene behind the fence cut out, sometimes not)"
n03000684,"chain saw, chainsaw",good,good,good,ok,good,
n03014705,chest,v_good,good,good,good,good,
n03016953,"chiffonier, commode",v_good,good,good,good,good,(Only 5 images)
n03017168,"chime, bell, gong",good,good,ok,ok,good,
n03018349,"china cabinet, china closet",good,good,ok,good,good,
n03026506,Christmas stocking,v_good,good,good,good,good,
n03028079,"church, church building",good,good,ok,good,good,
n03041632,"cleaver, meat cleaver, chopper",good,good,ok,good,ok,
n03045698,cloak,ok,good,ok,ok,questionable,(Only 7 images)
n03047690,"clog, geta, patten, sabot",v_good,good,good,good,good,
n03062245,cocktail shaker,v_good,good,good,good,good,
n03063599,coffee mug,v_good,good,good,good,good,
n03063689,coffeepot,v_good,good,good,good,good,
n03075370,combination lock,good,good,ok,good,ok,
n03095699,"container ship, containership, container vessel",good,ok,good,good,good,
n03100240,convertible,v_good,good,good,good,good,
n03109150,"corkscrew, bottle screw",v_good,good,good,good,good,
n03110669,"cornet, horn, trumpet, trump",good,good,questionable,good,good,(Holding hands cut out)
n03124043,cowboy boot,v_good,good,good,good,good,
n03124170,"cowboy hat, ten-gallon hat",good,good,ok,ok,good,
n03125729,cradle,good,good,questionable,good,good,
n03126707,crane2,good,questionable,good,good,good,(spaces in between braces not cut out)
n03127747,crash helmet,good,good,good,ok,good,
n03127925,crate,v_good,good,good,good,good,
n03131574,"crib, cot",good,good,ok,good,good,(Usually contain toddlers)
n03133878,Crock Pot,good,good,ok,good,good,(Contents usually not cut out)
n03134739,croquet ball,ok,ok,good,questionable,ok,
n03141823,crutch,good,good,ok,ok,good,
n03146219,cuirass,v_good,good,good,good,good,
n03179701,desk,questionable,ok,questionable,ok,ok,
n03187595,"dial telephone, dial phone",good,good,ok,good,good,
n03188531,"diaper, nappy, napkin",ok,ok,ok,questionable,good,
n03196217,digital clock,good,good,ok,ok,good,
n03197337,digital watch,v_good,good,good,good,good,
n03201208,"dining table, board",good,good,questionable,good,good,(Parts obscured and cut out)
n03207743,"dishrag, dishcloth",v_good,good,good,good,good,
n03207941,"dishwasher, dish washer, dishwashing machine",good,good,ok,ok,good,(Only 7 images)
n03223299,"doormat, welcome mat",good,good,ok,good,good,
n03240683,"drilling platform, offshore rig",good,ok,good,good,good,
n03249569,"drum, membranophone, tympan",ok,ok,ok,ok,ok,(Only 7 images)
n03250847,drumstick,ok,ok,ok,ok,ok,
n03255030,dumbbell,ok,ok,ok,ok,ok,
n03259280,Dutch oven,good,good,ok,good,good,
n03271574,"electric fan, blower",good,ok,good,good,good,(Spaces between the fins not cut out)
n03272010,electric guitar,good,ok,ok,good,good,(Hands cut out)
n03272562,electric locomotive,v_good,good,good,good,good,
n03291819,envelope,v_good,good,good,good,good,
n03297495,espresso maker,good,ok,good,good,good,
n03314780,face powder,good,ok,ok,good,ok,
n03325584,"feather boa, boa",ok,ok,ok,good,questionable,
n03337140,"file, file cabinet, filing cabinet",good,good,ok,good,good,
n03344393,fireboat,ok,ok,good,questionable,ok,
n03345487,"fire engine, fire truck",good,good,ok,good,good,
n03347037,"fire screen, fireguard",good,good,good,good,ok,
n03355925,"flagpole, flagstaff",questionable,questionable,good,ok,questionable,"(Doesnt include the flag, just a pole, no real features)"
n03372029,"flute, transverse flute",questionable,ok,questionable,questionable,questionable,"(Loos like a stick, constantly split by hands cut out)"
n03376595,folding chair,v_good,good,good,good,good,
n03379051,football helmet,ok,ok,good,questionable,ok,
n03384352,forklift,v_good,good,good,good,good,
n03388183,fountain pen,v_good,good,good,good,good,
n03388549,four-poster,ok,good,questionable,ok,ok,
n03393912,freight car,v_good,good,good,good,good,
n03394916,"French horn, horn",ok,ok,questionable,ok,good,
n03400231,"frying pan, frypan, skillet",v_good,good,good,good,good,
n03404251,fur coat,good,good,ok,good,ok,
n03417042,"garbage truck, dustcart",v_good,good,good,good,good,
n03424325,"gasmask, respirator, gas helmet",good,good,ok,good,good,(Sometimes includes eyes)
n03425413,"gas pump, gasoline pump, petrol pump, island dispenser",v_good,good,good,good,good,
n03443371,goblet,v_good,good,good,good,good,
n03444034,go-kart,ok,ok,questionable,ok,good,
n03445777,golf ball,good,good,good,ok,good,
n03445924,"golfcart, golf cart",ok,ok,questionable,good,ok,(People cut out but not backgrounds inside of some of the carts? Grainy masking)
n03447447,gondola,good,ok,ok,ok,good,
n03447721,"gong, tam-tam",good,good,ok,good,good,
n03450230,gown,good,good,ok,good,ok,
n03452741,"grand piano, grand",v_good,good,good,good,good,
n03467068,guillotine,v_good,good,good,good,good,
n03476684,hair slide,v_good,good,good,good,good,
n03476991,hair spray,good,good,ok,good,good,
n03478589,half track,v_good,good,good,good,good,
n03481172,hammer,v_good,good,good,good,good,
n03482405,hamper,good,good,ok,good,good,
n03483316,"hand blower, blow dryer, blow drier, hair dryer, hair drier",good,good,ok,good,good,
n03485407,"hand-held computer, hand-held microcomputer",good,good,ok,good,good,(Only 7 images)
n03485794,"handkerchief, hankie, hanky, hankey",v_good,good,good,good,good,
n03492542,"hard disc, hard disk, fixed disk",v_good,good,good,good,good,
n03494278,"harmonica, mouth organ, harp, mouth harp",ok,good,questionable,ok,ok,
n03495258,harp,ok,ok,ok,ok,ok,(Bad cutouts inside instrument)
n03496892,"harvester, reaper",v_good,good,good,good,good,
n03498962,hatchet,good,good,ok,ok,good,
n03527444,holster,v_good,good,good,good,good,
n03530642,honeycomb,good,good,ok,questionable,good,
n03532672,"hook, claw",good,good,good,ok,good,
n03534580,"hoopskirt, crinoline",good,good,ok,good,good,
n03535780,"horizontal bar, high bar",questionable,ok,questionable,ok,questionable,
n03538406,"horse cart, horse-cart",ok,good,questionable,ok,ok,
n03544143,hourglass,v_good,good,good,good,good,
n03584254,iPod,v_good,good,good,good,good,
n03584829,"iron, smoothing iron",v_good,good,good,good,good,
n03590841,jack-o'-lantern,v_good,good,good,good,good,
n03594734,"jean, blue jean, denim",good,good,ok,ok,good,
n03594945,"jeep, landrover",v_good,good,good,good,good,
n03595614,"jersey, T-shirt, tee shirt",good,good,ok,good,good,
n03598930,jigsaw puzzle,good,good,good,good,questionable,
n03599486,"jinrikisha, ricksha, rickshaw",good,good,ok,good,ok,
n03602883,joystick,v_good,good,good,good,good,
n03617480,kimono,v_good,good,good,good,good,
n03623198,knee pad,v_good,good,good,good,good,
n03627232,knot,ok,ok,good,ok,questionable,
n03630383,"lab coat, laboratory coat",good,good,ok,good,good,
n03633091,ladle,good,good,good,good,ok,
n03649909,"lawn mower, mower",v_good,good,good,good,good,
n03657121,"lens cap, lens cover",v_good,good,good,good,good,(Only 6 images)
n03658185,"letter opener, paper knife, paperknife",v_good,good,good,good,good,(Only 7 images)
n03662601,lifeboat,good,good,ok,ok,good,
n03666591,"lighter, light, igniter, ignitor",ok,questionable,ok,ok,good,
n03670208,"limousine, limo",v_good,good,good,good,good,
n03673027,"liner, ocean liner",v_good,good,good,good,good,
n03676483,"lipstick, lip rouge",v_good,good,good,good,good,
n03680355,Loafer,good,good,questionable,good,good,
n03690938,lotion,good,good,ok,ok,good,
n03691459,"loudspeaker, speaker, speaker unit, loudspeaker system, speaker system",good,good,good,good,ok,
n03692522,"loupe, jeweler's loupe",good,ok,good,ok,good,(Magnified contents not cut out)
n03706229,magnetic compass,v_good,good,good,good,good,
n03709823,"mailbag, postbag",v_good,good,good,good,good,
n03710193,"mailbox, letter box",v_good,good,good,good,good,
n03717622,manhole cover,v_good,good,good,good,good,
n03720891,maraca,v_good,good,good,good,good,
n03721384,"marimba, xylophone",good,good,ok,ok,good,
n03724870,mask,good,good,good,ok,good,
n03729826,matchstick,good,good,good,ok,questionable,
n03733131,maypole,questionable,ok,questionable,questionable,questionable,
n03733805,measuring cup,good,good,ok,good,good,
n03742115,"medicine chest, medicine cabinet",v_good,good,good,good,good,(Only 5 images)
n03743016,"megalith, megalithic structure",good,ok,good,good,ok,
n03759954,"microphone, mike",ok,ok,ok,questionable,good,
n03761084,"microwave, microwave oven",good,good,ok,ok,good,
n03763968,military uniform,good,good,questionable,good,good,
n03764736,milk can,good,good,ok,good,good,
n03769881,minibus,v_good,good,good,good,good,
n03770439,"miniskirt, mini",ok,ok,ok,ok,ok,
n03770679,minivan,good,good,ok,good,good,
n03773504,missile,ok,ok,questionable,ok,good,(Only 8 Images)
n03775071,mitten,v_good,good,good,good,good,
n03775546,mixing bowl,v_good,good,good,good,good,
n03776460,"mobile home, manufactured home",good,good,ok,good,good,
n03777568,Model T,v_good,good,good,good,good,
n03777754,modem,good,good,good,good,ok,
n03781244,monastery,ok,ok,ok,ok,ok,(Only 5 images)
n03782006,monitor,ok,ok,ok,ok,ok,
n03785016,moped,good,ok,ok,ok,good,
n03786901,mortar,v_good,good,good,good,good,
n03787032,mortarboard,good,good,good,questionable,good,
n03788195,mosque,good,good,ok,good,good,
n03788365,mosquito net,good,good,ok,good,ok,
n03791053,"motor scooter, scooter",good,good,ok,good,good,
n03792782,"mountain bike, all-terrain bike, off-roader",good,ok,ok,good,good,
n03792972,mountain tent,v_good,good,good,good,good,
n03793489,"mouse, computer mouse",questionable,ok,ok,questionable,ok,
n03794056,mousetrap,good,good,ok,good,ok,
n03796401,moving van,good,good,ok,good,good,(only 8 images)
n03803284,muzzle,ok,ok,good,questionable,ok,
n03804744,nail,ok,good,ok,ok,questionable,
n03814639,neck brace,questionable,ok,good,questionable,questionable,
n03814906,necklace,v_good,good,good,good,good,
n03825788,nipple,ok,ok,good,ok,questionable,
n03832673,"notebook, notebook computer",ok,ok,ok,ok,ok,
n03837869,obelisk,ok,ok,ok,ok,ok,
n03838899,"oboe, hautboy, hautbois",good,good,ok,ok,good,
n03840681,"ocarina, sweet potato",v_good,good,good,good,good,
n03841143,"odometer, hodometer, mileometer, milometer",v_good,good,good,good,good,
n03843555,oil filter,v_good,good,good,good,good,
n03854065,"organ, pipe organ",v_good,good,good,good,good,
n03857828,"oscilloscope, scope, cathode-ray oscilloscope, CRO",good,good,good,good,ok,
n03866082,overskirt,good,good,good,good,ok,
n03868242,oxcart,questionable,ok,questionable,ok,ok,
n03868863,oxygen mask,ok,ok,good,questionable,ok,
n03873416,"paddle, boat paddle",ok,ok,questionable,ok,good,
n03874293,"paddlewheel, paddle wheel",good,good,ok,good,good,
n03874599,padlock,good,good,ok,good,good,
n03876231,paintbrush,good,ok,ok,good,good,
n03877472,"pajama, pyjama, pj's, jammies",good,good,ok,good,good,
n03877845,palace,good,good,ok,good,good,
n03884397,"panpipe, pandean pipe, syrinx",good,good,ok,ok,good,
n03888257,"parachute, chute",ok,ok,ok,ok,ok,
n03888605,"parallel bars, bars",questionable,ok,questionable,ok,questionable,
n03891251,park bench,good,good,questionable,good,ok,
n03891332,parking meter,v_good,good,good,good,good,
n03895866,"passenger car, coach, carriage",good,ok,good,good,ok,(Only 7 images)
n03902125,"pay-phone, pay-station",good,good,ok,ok,good,
n03903868,"pedestal, plinth, footstall",ok,good,good,ok,questionable,
n03908618,"pencil box, pencil case",v_good,good,good,good,good,
n03908714,pencil sharpener,ok,ok,ok,questionable,good,
n03916031,"perfume, essence",good,good,good,good,ok,
n03920288,Petri dish,good,ok,good,good,good,
n03924679,photocopier,v_good,good,good,good,good,
n03929660,"pick, plectrum, plectron",v_good,good,good,good,good,
n03929855,pickelhaube,questionable,questionable,good,questionable,ok,
n03930313,"picket fence, paling",good,good,ok,good,good,
n03930630,"pickup, pickup truck",v_good,good,good,good,good,
n03933933,pier,good,ok,good,good,ok,(Only 3 images)
n03935335,"piggy bank, penny bank",v_good,good,good,good,good,
n03937543,pill bottle,good,ok,ok,good,good,
n03938244,pillow,v_good,good,good,good,good,
n03942813,ping-pong ball,questionable,questionable,good,questionable,questionable,
n03944341,pinwheel,v_good,good,good,good,good,
n03947888,"pirate, pirate ship",good,ok,ok,ok,good,
n03950228,"pitcher, ewer",v_good,good,good,good,good,
n03954731,"plane, carpenter's plane, woodworking plane",v_good,good,good,good,good,
n03956157,planetarium,good,good,ok,good,good,
n03958227,plastic bag,ok,ok,ok,ok,ok,
n03961711,plate rack,ok,good,questionable,ok,ok,
n03970156,"plunger, plumber's helper",good,good,ok,ok,good,
n03976467,"Polaroid camera, Polaroid Land camera",v_good,good,good,good,good,
n03976657,pole,questionable,ok,ok,questionable,questionable,
n03977966,"police van, police wagon, paddy wagon, patrol wagon, wagon, black Maria",good,good,ok,good,good,
n03980874,poncho,v_good,good,good,good,good,
n03982430,"pool table, billiard table, snooker table",good,good,ok,ok,ok,
n03983396,"pop bottle, soda bottle",good,good,good,ok,good,
n03991062,"pot, flowerpot",ok,good,questionable,ok,ok,
n03992509,potter's wheel,ok,good,questionable,ok,ok,
n03995372,power drill,ok,good,questionable,ok,ok,
n03998194,"prayer rug, prayer mat",v_good,good,good,good,good,
n04004767,printer,v_good,good,good,good,good,
n04005630,"prison, prison house",bad,bad,bad,bad,bad,"(All images have a mask that cover the entire image, useless class)"
n04009552,projector,v_good,good,good,good,good,
n04019541,"puck, hockey puck",ok,ok,good,questionable,ok,
n04023962,"punching bag, punch bag, punching ball, punchball",good,ok,ok,good,good,
n04026417,purse,v_good,good,good,good,good,
n04033901,"quill, quill pen",good,good,good,good,ok,
n04033995,"quilt, comforter, comfort, puff",ok,good,questionable,good,questionable,
n04037443,"racer, race car, racing car",good,good,ok,good,ok,
n04039381,"racket, racquet",ok,ok,ok,ok,ok,
n04040759,radiator,v_good,good,good,good,good,
n04041544,"radio, wireless",v_good,good,good,good,good,
n04044716,"radio telescope, radio reflector",good,ok,good,good,good,
n04049303,rain barrel,ok,good,questionable,good,good,
n04065272,"recreational vehicle, RV, R.V.",good,good,ok,good,good,
n04067472,reel,good,good,ok,ok,good,
n04069434,reflex camera,good,good,ok,good,good,
n04070727,"refrigerator, icebox",good,good,ok,good,good,
n04074963,"remote control, remote",v_good,good,good,good,good,
n04086273,"revolver, six-gun, six-shooter",v_good,good,good,good,good,
n04090263,rifle,ok,good,questionable,ok,ok,
n04099969,"rocking chair, rocker",good,good,ok,good,good,
n04116512,"rubber eraser, rubber, pencil eraser",good,ok,good,ok,ok,
n04118538,rugby ball,ok,ok,ok,questionable,ok,
n04118776,"rule, ruler",good,good,ok,ok,good,
n04120489,running shoe,good,good,ok,good,good,
n04125021,safe,good,good,ok,good,good,
n04127249,safety pin,good,good,good,ok,ok,
n04131690,"saltshaker, salt shaker",v_good,good,good,good,good,
n04133789,sandal,v_good,good,good,good,good,
n04136333,sarong,good,good,ok,ok,ok,
n04141076,"sax, saxophone",ok,ok,ok,ok,ok,
n04141327,scabbard,ok,good,questionable,ok,ok,
n04141975,"scale, weighing machine",v_good,good,good,good,good,
n04146614,school bus,good,good,ok,good,good,
n04147183,schooner,v_good,good,good,good,good,
n04149813,scoreboard,good,ok,good,good,good,
n04153751,screw,good,ok,good,good,good,
n04154565,screwdriver,ok,ok,ok,ok,ok,
n04162706,"seat belt, seatbelt",questionable,ok,questionable,ok,ok,
n04179913,sewing machine,good,ok,ok,good,ok,
n04192698,"shield, buckler",good,good,good,good,ok,
n04201297,shoji,good,good,good,good,ok,
n04204238,shopping basket,v_good,good,good,good,good,
n04204347,shopping cart,good,ok,ok,good,good,
n04208210,shovel,ok,good,ok,questionable,ok,
n04209133,shower cap,ok,ok,good,ok,questionable,
n04209239,shower curtain,good,good,ok,good,ok,
n04228054,ski,questionable,ok,questionable,questionable,ok,
n04229816,ski mask,ok,good,ok,ok,questionable,
n04235860,sleeping bag,good,good,ok,good,good,
n04238763,"slide rule, slipstick",v_good,good,good,good,good,
n04243546,"slot, one-armed bandit",good,good,questionable,good,good,
n04252077,snowmobile,ok,ok,ok,ok,ok,
n04252225,"snowplow, snowplough",good,good,ok,good,good,
n04254120,soap dispenser,v_good,good,good,good,good,
n04254680,soccer ball,good,good,good,ok,good,
n04254777,sock,good,good,ok,good,ok,
n04258138,"solar dish, solar collector, solar furnace",good,good,good,ok,ok,
n04259630,sombrero,good,good,ok,ok,good,
n04263257,soup bowl,questionable,good,questionable,questionable,questionable,(contents masked out)
n04265275,space heater,good,good,ok,good,good,
n04266014,space shuttle,good,good,good,ok,good,
n04270147,spatula,good,ok,good,good,good,
n04273569,speedboat,good,ok,good,ok,good,
n04275548,"spider web, spider's web",bad,bad,bad,bad,bad,"(Backgrounds not cropped out, just spiders)"
n04277352,spindle,v_good,good,good,good,good,
n04285008,"sports car, sport car",v_good,good,good,good,good,
n04286575,"spotlight, spot",questionable,ok,good,questionable,questionable,
n04310018,steam locomotive,good,good,ok,good,good,
n04311004,steel arch bridge,good,ok,ok,good,good,
n04311174,steel drum,ok,ok,questionable,good,ok,
n04317175,stethoscope,ok,good,ok,questionable,ok,
n04325704,stole,good,good,good,ok,ok,
n04326547,stone wall,v_good,good,good,good,good,(Covers a lot of the image!)
n04328186,"stopwatch, stop watch",good,good,ok,good,good,
n04330267,stove,good,good,questionable,good,good,
n04332243,strainer,good,ok,ok,good,good,
n04335435,"streetcar, tram, tramcar, trolley, trolley car",good,good,good,ok,good,
n04336792,stretcher,ok,ok,questionable,ok,good,
n04344873,"studio couch, day bed",good,good,ok,good,good,
n04346328,"stupa, tope",good,good,ok,good,good,
n04347754,"submarine, pigboat, sub, U-boat",good,good,ok,good,good,
n04350905,"suit, suit of clothes",good,good,ok,good,good,
n04355338,sundial,v_good,good,good,good,good,
n04355933,sunglass,questionable,questionable,good,questionable,ok,
n04366367,suspension bridge,good,questionable,good,ok,good,
n04367480,"swab, swob, mop",good,good,good,good,ok,
n04370456,sweatshirt,good,good,ok,ok,good,
n04371430,"swimming trunks, bathing trunks",ok,ok,good,questionable,ok,
n04371774,swing,good,ok,ok,good,ok,
n04376876,syringe,good,good,ok,good,good,
n04380533,table lamp,good,ok,good,good,good,
n04389033,"tank, army tank, armored combat vehicle, armoured combat vehicle",v_good,good,good,good,good,
n04398044,teapot,v_good,good,good,good,good,
n04399382,"teddy, teddy bear",ok,ok,ok,ok,ok,
n04404412,"television, television system",good,ok,ok,ok,good,
n04409515,tennis ball,good,good,good,ok,good,
n04417672,"thatch, thatched roof",good,good,ok,good,ok,
n04418357,"theater curtain, theatre curtain",good,good,ok,good,good,
n04423845,thimble,good,good,ok,good,good,
n04428191,"thresher, thrasher, threshing machine",v_good,good,good,good,good,(Only 7 images)
n04429376,throne,good,good,ok,good,good,
n04435653,tile roof,good,good,good,ok,ok,
n04442312,toaster,v_good,good,good,good,good,
n04447861,toilet seat,good,good,questionable,good,good,
n04456115,torch,good,ok,ok,ok,good,
n04458633,totem pole,v_good,good,good,good,good,
n04461696,"tow truck, tow car, wrecker",good,good,ok,ok,good,
n04465501,tractor,good,good,ok,good,good,
n04467665,"trailer truck, tractor trailer, trucking rig, rig, articulated lorry, semi",v_good,good,good,good,good,
n04476259,tray,v_good,good,good,good,good,
n04479046,trench coat,good,good,ok,good,good,
n04482393,"tricycle, trike, velocipede",good,good,ok,good,good,
n04483307,trimaran,good,good,ok,good,good,
n04485082,tripod,good,good,ok,good,good,
n04486054,triumphal arch,v_good,good,good,good,good,
n04487081,"trolleybus, trolley coach, trackless trolley",v_good,good,good,good,good,
n04487394,trombone,ok,ok,ok,ok,ok,
n04505470,typewriter keyboard,v_good,good,good,good,good,
n04507155,umbrella,ok,ok,ok,ok,ok,
n04509417,"unicycle, monocycle",ok,ok,questionable,ok,good,
n04515003,"upright, upright piano",v_good,good,good,good,good,
n04517823,"vacuum, vacuum cleaner",good,good,ok,good,good,
n04522168,vase,good,good,ok,good,good,
n04525038,velvet,questionable,ok,ok,ok,questionable,(Only 4 Images)
n04525305,vending machine,v_good,good,good,good,good,
n04532106,vestment,good,good,ok,good,good,
n04532670,viaduct,v_good,good,good,good,good,
n04536866,"violin, fiddle",good,good,ok,ok,good,
n04540053,volleyball,ok,good,ok,questionable,ok,
n04542943,waffle iron,v_good,good,good,good,good,
n04548280,wall clock,v_good,good,good,good,good,
n04548362,"wallet, billfold, notecase, pocketbook",v_good,good,good,good,good,
n04550184,"wardrobe, closet, press",v_good,good,good,good,good,
n04552348,"warplane, military plane",good,good,good,good,ok,
n04553703,"washbasin, handbasin, washbowl, lavabo, wash-hand basin",good,good,ok,ok,good,
n04554684,"washer, automatic washer, washing machine",good,good,ok,ok,good,
n04557648,water bottle,ok,ok,ok,ok,ok,
n04560804,water jug,v_good,good,good,good,good,
n04562935,water tower,good,good,ok,good,good,
n04579145,whiskey jug,v_good,good,good,good,good,
n04579432,whistle,v_good,good,good,good,good,
n04584207,wig,good,ok,good,good,good,
n04589890,window screen,bad,bad,bad,bad,bad,(Most maskas cover the entire image)
n04590129,window shade,ok,ok,ok,ok,ok,
n04591157,Windsor tie,ok,ok,ok,ok,ok,
n04591713,wine bottle,good,good,ok,good,ok,
n04596742,wok,ok,ok,questionable,good,ok,(only 8 images)
n04597913,wooden spoon,v_good,good,good,good,good,
n04604644,"worm fence, snake fence, snake-rail fence, Virginia fence",good,ok,ok,good,good,
n04606251,wreck,v_good,good,good,good,good,
n04612504,yawl,good,good,ok,good,good,
n04613696,yurt,good,good,ok,good,good,
n06596364,comic book,v_good,good,good,good,good,
n06794110,street sign,good,ok,good,good,good,
n06874185,"traffic light, traffic signal, stoplight",good,good,ok,ok,good,
n07565083,menu,good,good,ok,good,good,
n07579787,plate,questionable,ok,questionable,questionable,questionable,
n07583066,guacamole,good,ok,good,ok,ok,
n07584110,consomme,v_good,good,good,good,good,
n07613480,trifle,v_good,good,good,good,good,
n07614500,"ice cream, icecream",good,good,ok,good,good,
n07615774,"ice lolly, lolly, lollipop, popsicle",good,good,ok,ok,ok,
n07684084,French loaf,v_good,good,good,good,good,
n07693725,"bagel, beigel",good,good,ok,good,good,
n07695742,pretzel,v_good,good,good,good,good,
n07697313,cheeseburger,v_good,good,good,good,good,
n07697537,"hotdog, hot dog, red hot",good,good,ok,good,good,
n07711569,mashed potato,good,good,good,good,ok,
n07714571,head cabbage,v_good,good,good,good,good,
n07714990,broccoli,good,good,ok,good,good,
n07715103,cauliflower,v_good,good,good,good,good,
n07716358,"zucchini, courgette",good,good,ok,good,good,
n07716906,spaghetti squash,good,good,ok,good,ok,
n07717410,acorn squash,v_good,good,good,good,good,
n07717556,butternut squash,v_good,good,good,good,good,
n07718472,"cucumber, cuke",v_good,good,good,good,good,
n07718747,"artichoke, globe artichoke",v_good,good,good,good,good,
n07720875,bell pepper,v_good,good,good,good,good,
n07730033,cardoon,good,ok,good,good,good,
n07734744,mushroom,v_good,good,good,good,good,
n07742313,Granny Smith,good,good,ok,good,good,
n07745940,strawberry,good,good,good,ok,good,
n07747607,orange,v_good,good,good,good,good,
n07749582,lemon,good,good,ok,good,good,
n07753113,fig,v_good,good,good,good,good,
n07753275,"pineapple, ananas",good,good,ok,good,good,
n07753592,banana,good,good,ok,ok,good,
n07754684,"jackfruit, jak, jack",v_good,good,good,good,good,
n07760859,custard apple,v_good,good,good,good,good,
n07768694,pomegranate,v_good,good,good,good,good,
n07802026,hay,good,good,good,ok,good,
n07831146,carbonara,v_good,good,good,good,good,
n07860988,dough,questionable,ok,ok,good,questionable,
n07871810,"meat loaf, meatloaf",v_good,good,good,good,good,
n07873807,"pizza, pizza pie",v_good,good,good,good,good,
n07875152,potpie,v_good,good,good,good,good,
n07880968,burrito,good,good,ok,good,good,
n07930864,cup,good,good,ok,good,good,
n07932039,eggnog,good,good,good,good,ok,
n09229709,bubble,good,good,good,questionable,ok,
n09246464,"cliff, drop, drop-off",good,good,ok,good,questionable,
n09256479,coral reef,good,ok,good,good,ok,
n09835506,"ballplayer, baseball player",v_good,good,good,good,good,
n10565667,scuba diver,good,ok,ok,ok,good,
n11879895,rapeseed,good,good,ok,good,good,
n11939491,daisy,good,good,ok,good,good,
n12057211,"yellow lady's slipper, yellow lady-slipper, Cypripedium calceolus, Cypripedium parviflorum",good,good,good,ok,good,
n12144580,corn,good,good,ok,good,good,
n12267677,acorn,good,good,good,ok,good,
n12620546,"hip, rose hip, rosehip",v_good,good,good,good,good,
n12768682,"buckeye, horse chestnut, conker",v_good,good,good,good,good,
n12985857,coral fungus,good,ok,good,good,good,
n12998815,agaric,v_good,good,good,good,good,
n13037406,gyromitra,v_good,good,good,good,good,
n13040303,"stinkhorn, carrion fungus",v_good,good,good,good,good,
n13044778,earthstar,v_good,good,good,good,good,
n13052670,"hen-of-the-woods, hen of the woods, Polyporus frondosus, Grifola frondosa",v_good,good,good,good,good,
n13054560,bolete,v_good,good,good,good,good,
n13133613,"ear, spike, capitulum",questionable,questionable,questionable,questionable,ok,(Only 2 images)
n15075141,"toilet tissue, toilet paper, bathroom tissue",good,good,ok,ok,good,
